Muziek, Wijn
Geen, Franse
Franse, Franse
Franse, Italiaanse
Italiaanse, Andere
Italiaanse, Franse
Italiaanse, Andere
Geen, Franse
Geen, Andere
Geen, Franse
Geen, Italiaanse
Franse, Franse
Franse, Andere
Franse, Franse
Geen, Franse
Geen, Andere
Italiaanse, Franse
Geen, Italiaanse
Franse, Franse
Geen, Franse
Franse, Andere
Geen, Italiaanse
Geen, Franse
Geen, Andere
Franse, Franse
Geen, Italiaanse
Franse, Andere
Franse, Franse
Geen, Andere
Italiaanse, Franse
Italiaanse, Italiaanse
Italiaanse, Andere
Franse, Andere
Geen, Franse
Geen, Andere
Geen, Italiaanse
Geen, Franse
Italiaanse, Franse
Italiaanse, Italiaanse
Geen, Andere
Franse, Franse
Franse, Andere
Geen, Franse
Geen, Italiaanse
Geen, Italiaanse
Geen, Andere
Italiaanse, Franse
Franse, Andere
Geen, Franse
Italiaanse, Franse
Geen, Andere
Italiaanse, Italiaanse
Geen, Italiaanse
Italiaanse, Andere
Geen, Franse
Italiaanse, Andere
Franse, Andere
Italiaanse, Franse
Italiaanse, Italiaanse
Geen, Andere
Geen, Franse
Italiaanse, Italiaanse
Italiaanse, Andere
Geen, Italiaanse
Franse, Andere
Italiaanse, Franse
Geen, Franse
Franse, Franse
Italiaanse, Andere
Italiaanse, Italiaanse
Italiaanse, Franse
Geen, Andere
Geen, Franse
Franse, Andere
Italiaanse, Franse
Italiaanse, Andere
Italiaanse, Italiaanse
Geen, Italiaanse
Geen, Franse
Franse, Andere
Italiaanse, Franse
Italiaanse, Andere
Italiaanse, Italiaanse
Geen, Andere
Geen, Franse
Italiaanse, Franse
Italiaanse, Andere
Italiaanse, Italiaanse
Franse, Franse
Franse, Andere
Geen, Andere
Italiaanse, Franse
Geen, Franse
Italiaanse, Andere
Italiaanse, Italiaanse
Geen, Andere
Italiaanse, Franse
Geen, Italiaanse
Franse, Andere
Geen, Franse
Italiaanse, Franse
Geen, Andere
Italiaanse, Italiaanse
Italiaanse, Andere
Franse, Andere
Geen, Franse
Franse, Franse
Italiaanse, Franse
Geen, Franse
Italiaanse, Italiaanse
Geen, Andere
Italiaanse, Franse
Italiaanse, Andere
Franse, Andere
Geen, Franse
Franse, Franse
Italiaanse, Franse
Geen, Andere
Italiaanse, Italiaanse
Franse, Andere
Italiaanse, Andere
Italiaanse, Italiaanse
Italiaanse, Franse
Geen, Franse
Franse, Franse
Italiaanse, Andere
Geen, Andere
Italiaanse, Italiaanse
Franse, Andere
Geen, Franse
Italiaanse, Franse
Geen, Andere
Italiaanse, Andere
Franse, Franse
Franse, Andere
Italiaanse, Andere
Geen, Andere
Italiaanse, Franse
Geen, Franse
Italiaanse, Italiaanse
Franse, Andere
Italiaanse, Franse
Geen, Andere
Italiaanse, Andere
Geen, Franse
Franse, Franse
Italiaanse, Franse
Italiaanse, Italiaanse
Geen, Andere
Italiaanse, Andere
Italiaanse, Franse
Franse, Andere
Italiaanse, Andere
Geen, Franse
Franse, Franse
Italiaanse, Italiaanse
Italiaanse, Franse
Franse, Andere
Geen, Franse
Italiaanse, Andere
Geen, Andere
Italiaanse, Andere
Italiaanse, Franse
Franse, Franse
Franse, Andere
Italiaanse, Italiaanse
Franse, Franse
Geen, Franse
Geen, Andere
Italiaanse, Andere
Franse, Andere
Italiaanse, Andere
Franse, Franse
Geen, Franse
Geen, Andere
Italiaanse, Andere
Franse, Andere
Italiaanse, Andere
Franse, Franse
Franse, Andere
Italiaanse, Andere
Franse, Franse
Geen, Franse
Italiaanse, Andere
Franse, Franse
Geen, Andere
Italiaanse, Franse
Italiaanse, Andere
Franse, Andere
Geen, Andere
Franse, Franse
Italiaanse, Franse
Geen, Andere
Franse, Franse
Franse, Andere
Italiaanse, Andere
Franse, Franse
Geen, Andere
Italiaanse, Franse
Franse, Franse
Geen, Andere
Italiaanse, Andere
Franse, Franse
Franse, Andere
Geen, Andere
Italiaanse, Andere
Geen, Andere
Italiaanse, Franse
Franse, Franse
Franse, Andere
Geen, Andere
Italiaanse, Andere
Geen, Andere
Italiaanse, Andere
Franse, Franse
Franse, Andere
Geen, Andere
Franse, Franse
Italiaanse, Andere
Geen, Andere
Franse, Franse
Franse, Andere
Geen, Andere
Franse, Franse
Franse, Andere
Geen, Andere
Franse, Franse
Geen, Andere
Geen, Andere
Franse, Franse
Franse, Andere
Geen, Andere
Franse, Franse
Franse, Andere
Geen, Andere
Franse, Franse
Geen, Andere
Franse, Andere
Franse, Franse
Geen, Andere
Franse, Franse
Franse, Franse
Franse, Franse
Franse, Andere
